strain	previous_names	isotype
AF16	AF16 CGC, G16	AF16
BRC20069	NULL	BRC20069
BRC20073	NULL	BRC20073
BRC20075	NULL	BRC20075
BRC20076	NULL	BRC20390
BRC20077	NULL	BRC20077
BRC20081	NULL	BRC20081
BRC20085	NULL	BRC20085
BRC20086	NULL	BRC20390
BRC20088	NULL	BRC20088
BRC20089	NULL	BRC20089
BRC20090	NULL	BRC20090
BRC20092	NULL	BRC20092
BRC20093	NULL	BRC20093
BRC20094	NULL	BRC20094
BRC20095	NULL	BRC20095
BRC20096	NULL	BRC20096
BRC20098	NULL	BRC20098
BRC20099	NULL	BRC20099
BRC20100	NULL	BRC20100
BRC20102	NULL	BRC20102
BRC20103	NULL	BRC20103
BRC20105	NULL	BRC20105
BRC20107	NULL	BRC20107
BRC20115	134	BRC20115
BRC20119	159F-7	BRC20119
BRC20120	170F-18	NIC815
BRC20121	182F-30	NIC802
BRC20122	181F-29	BRC20238
BRC20123	171F-19	NIC805
BRC20224	201F-49	BRC20543
BRC20228	343F-191	BRC20228
BRC20229	335F-183	BRC20229
BRC20230	370F-218	BRC20230
BRC20232	189F-37	BRC20232
BRC20234	154F-2	BRC20241
BRC20236	172F-20	BRC20238
BRC20237	173F-21	BRC20238
BRC20238	178F-26	BRC20238
BRC20239	210F-58	BRC20239
BRC20241	156F-4	BRC20241
BRC20242	162F-10	BRC20242
BRC20244	426F-274	BRC20244
BRC20246	204F-52	BRC20246
BRC20247	212F-60	BRC20390
BRC20254	194F-42	BRC20232
BRC20255	369F-217	NIC802
BRC20256	375F-223	BRC20246
BRC20257	443F|DAISI_06	BRC20257
BRC20260	206F-54	BRC20260
BRC20269	487FA, fulong beachA	BRC20331
BRC20270	471F	BRC20270
BRC20272	471F L	BRC20272
BRC20289	482FA	BRC20289
BRC20290	482FB	BRC20290
BRC20294	495FB, Chong-Ho (golf-2)	BRC20294
BRC20295	495FA, Chong-Ho (golf-1)	BRC20294
BRC20299	486FA, turtle islandA	BRC20320
BRC20308	500FA, Yilan-alpha1	BRC20308
BRC20309	500FB, Yilan-alpha2	BRC20309
BRC20310	502FA, Yilan-gamma1	BRC20311
BRC20311	502FB, Yilan-gamma2	BRC20311
BRC20312	504FA, Yilan-epsilon1	BRC20312
BRC20315	504FB, Yilan-epsilon2	BRC20315
BRC20320	486FC, turtle islandC	BRC20320
BRC20324	148, BRC10104	BRC20324
BRC20331	487FB, fulong beachB	BRC20331
BRC20333	81	BRC20333
BRC20334	NULL	BRC20334
BRC20339	488F, 石碇1A	BRC20339
BRC20341	520F	BRC20341
BRC20342	523FA	BRC20343
BRC20343	523FB	BRC20343
BRC20345	540FC	NIC802
BRC20346	486FB, turtle islandB	BRC20346
BRC20347	550FA	BRC20347
BRC20348	553FB	BRC20348
BRC20353	578FA	BRC20353
BRC20354	582FB	BRC20361
BRC20355	584FA	BRC20361
BRC20356	584FB	BRC20361
BRC20360	579FA	BRC20360
BRC20361	582FA	BRC20361
BRC20362	582FC	BRC20362
BRC20366	593F	BRC20366
BRC20367	625F	BRC20367
BRC20369	635F	BRC20369
BRC20370	609F	BRC20370
BRC20388	671F	BRC20388
BRC20390	664FD	BRC20390
BRC20401	695FB	BRC20401
BRC20408	664FC	BRC20390
BRC20462	699F	BRC20390
BRC20463	700F	BRC20463
BRC20492	751F	BRC20492
BRC20498	761F	BRC20498
BRC20499	769FA	BRC20499
BRC20500	769FB	BRC20499
BRC20501	770F	BRC20501
BRC20502	839F-2	BRC20502
BRC20503	20210803	BRC20503
BRC20519	20210803	BRC20519
BRC20520	20210803	BRC20520
BRC20522	20210803	BRC20522
BRC20523	20210803	BRC20522
BRC20524	20210803	BRC20524
BRC20525	20210803	BRC20522
BRC20526	20210803	TWN1899
BRC20528	20210803	NIC779
BRC20529	20210803	BRC20529
BRC20530	20210803	BRC20530
BRC20531	20210803	BRC20531
BRC20532	20210803	BRC20532
BRC20533	20210803	BRC20533
BRC20534	20210803	BRC20534
BRC20535	20210803	BRC20535
BRC20536	20210803	BRC20536
BRC20537	20210803	BRC20537
BRC20540	20210803	BRC20115
BRC20541	20210803	BRC20541
BRC20542	20210803	BRC20541
BRC20543	20210803	BRC20543
BRC20544	20210803	BRC20544
BRC20545	20210803	BRC20545
BRC20556	20210803	BRC20556
BRC20557	20210803	BRC20557
BRC20565	NULL	BRC20565
BRC20571	NULL	BRC20571
BRC20574	NULL	BRC20574
BW287	NULL	BW287
DF5100	NULL	DF5100
ECA1127	C1587-2	ECA1174
ECA1128	C1587-4	ECA1174
ECA1129	C1584-1	ECA1129
ECA1130	C1584-2	ECA1129
ECA1143	S-07783	ECA1143
ECA1144	S-07786	ECA1143
ECA1145	S-07787	ECA1143
ECA1146	S-07788	ECA1146
ECA1147	S-07918	ECA1147
ECA1148	S-07930	ECA1149
ECA1149	S-07931	ECA1149
ECA1150	S-07932	ECA1149
ECA1151	S-07936	ECA1160
ECA1152	S-08000	ECA1160
ECA1153	S-08017	ECA1160
ECA1154	S-08018	ECA1160
ECA1155	S-08019	ECA1160
ECA1156	S-08020	ECA1160
ECA1157	S-08025	EG6268
ECA1158	S-08028	EG6268
ECA1159	S-08035	EG6268
ECA1160	S-08037	ECA1160
ECA1161	S-08038	ECA1160
ECA1162	S-08039	ECA1160
ECA1163	S-08057	ECA1160
ECA1164	S-08059	ECA1164
ECA1165	S-08060	ECA1160
ECA1166	S-08085	ECA1559
ECA1167	S-08086	ECA1559
ECA1168	S-08087	ECA1559
ECA1169	S-08088	ECA1559
ECA1170	S-08096	ECA1170
ECA1171	S-08441	ECA1174
ECA1172	S-08442	ECA1383
ECA1173	S-08443	ECA1383
ECA1174	S-08444	ECA1174
ECA1175	S-08445	ECA1174
ECA1176	S-08451	ECA1174
ECA1177	S-09321	ECA1383
ECA1178	S-09322	ECA1383
ECA1179	S-09323	ECA1383
ECA1180	S-09327	ECA1383
ECA1181	S-09328	ECA1383
ECA1182	S-09666	ECA1559
ECA1183	S-09805	ECA2385
ECA1381	S-10044	ECA1383
ECA1382	S-10046	ECA1174
ECA1383	S-10048	ECA1383
ECA1384	S-10088	ECA1174
ECA1387	S-0448	ECA1437
ECA1399	S-0182	ECA1383
ECA1407	S-0186	ECA1383
ECA1411	S-0109	ECA1411
ECA1423	S-0255	ECA1423
ECA1425	S-0256	ECA1423
ECA1427	S-0344	ECA1429
ECA1429	S-0346	ECA1429
ECA1431	S-0442	ECA1431
ECA1434	S-0453	ECA1437
ECA1435	S-0453	ECA1437
ECA1437	S-0454	ECA1437
ECA1439	S-0469	ECA1439
ECA1443	S-0468	ECA1443
ECA1455	S-10285	ECA1559
ECA1457	S-10290	ECA1559
ECA1459	S-10291	ECA1489
ECA1461	S-10667	ECA1559
ECA1469	S-10319	ECA1489
ECA1471	S-10326	ECA1471
ECA1473	S-10330	ECA1563
ECA1475	S-10337	ECA1563
ECA1477	S-10668	ECA1559
ECA1479	S-10385	ECA1559
ECA1483	S-10684	ECA1509
ECA1485	S-10685	ECA1509
ECA1487	S-10206	ECA1489
ECA1489	S-10209	ECA1489
ECA1491	S-10211	ECA1489
ECA1495	S-10261	ECA1507
ECA1497	S-10270	ECA1559
ECA1499	S-10278	ECA1489
ECA1501	S-10279	ECA1559
ECA1503	S-10280	ECA1503
ECA1505	S-10283	ECA1489
ECA1507	S-10284	ECA1507
ECA1509	S-10686	ECA1509
ECA1511	S-10687	ECA1509
ECA1513	S-10408	ECA2083
ECA1517	S-10417	ECA1517
ECA1521	S-10699	ECA1521
ECA1523	S-10432	ECA1559
ECA1525	S-10434	ECA1559
ECA1527	S-10474	ECA1563
ECA1529	S-10485	ECA2083
ECA1531	S-10490	ECA2083
ECA1533	S-10492	ECA2083
ECA1535	S-10493	ECA1563
ECA1537	S-10494	ECA1563
ECA1539	S-10495	ECA1563
ECA1541	S-10500	ECA1563
ECA1543	S-10503	ECA2083
ECA1545	S-10505	ECA1609
ECA1547	S-10707	ECA1555
ECA1549	S-10708	ECA1555
ECA1551	S-10709	ECA1555
ECA1553	S-10517	ECA1559
ECA1555	S-10710	ECA1555
ECA1557	S-10521	ECA1559
ECA1559	S-10522	ECA1559
ECA1561	S-10711	ECA1521
ECA1563	S-10581	ECA1563
ECA1565	S-10583	ECA1609
ECA1567	S-10718	ECA1609
ECA1569	S-10719	ECA1559
ECA1571	S-10602	ECA1571
ECA1573	S-10722	ECA1489
ECA1575	S-10610	ECA1609
ECA1577	S-10620	ECA1559
ECA1587	S-10633	ECA1587
ECA1589	S-10635	ECA1489
ECA1591	S-10636	ECA1489
ECA1593	S-10639	ECA1489
ECA1595	S-10640	ECA1489
ECA1597	S-10641	ECA1489
ECA1601	S-10648	ECA1489
ECA1605	S-10664	ECA1605
ECA1607	S-10725	ECA1160
ECA1609	S-10726	ECA1609
ECA161	NULL	ECA161
ECA1611	S-10754	ECA1611
ECA1613	S-10755	ECA1611
ECA1615	S-10757	ECA1615
ECA1617	S-10758	ECA1611
ECA1619	S-10759	ECA1611
ECA162	NULL	ECA162
ECA1621	S-10778	ECA1621
ECA1623	S-10812	ECA1621
ECA1625	S-10813	ECA1621
ECA1627	S-10818	ECA1609
ECA1629	S-10819	ECA1609
ECA163	NULL	ECA163
ECA1631	S-10843	ECA1609
ECA1637	S-11145	ECA1637
ECA1639	S-11147	ECA1637
ECA1641	S-11148	ECA1637
ECA1643	S-11727	ECA2373
ECA1645	S-11728	ECA2373
ECA1651	S-11732	ECA2373
ECA1653	S-11279	ECA2373
ECA1655	S-11280	ECA2373
ECA1657	S-11794	ECA1657
ECA1659	S-11796	ECA2299
ECA1661	S-11797	ECA1657
ECA1663	S-11990	ECA1701
ECA1667	S-11903	ECA2373
ECA1669	S-11988	ECA1701
ECA1701	S-11989	ECA1701
ECA1706	S-11993	ECA1701
ECA175	NULL	ECA175
ECA176	NULL	ECA176
ECA177	NULL	ECA177
ECA1773	S-10720	ECA1609
ECA178	NULL	ECA183
ECA179	NULL	ECA176
ECA180	NULL	ECA180
ECA181	NULL	ECA176
ECA182	NULL	ECA182
ECA183	NULL	ECA183
ECA185	NULL	ECA185
ECA186	NULL	ECA186
ECA188	NULL	ECA1174
ECA2083	S-10496	ECA2083
ECA2089	S-10673	ECA1559
ECA2093	S-11245	ECA2093
ECA2115	S-11342	ECA2115
ECA2239	S-12653	ECA2385
ECA2241	S-12674	ECA1559
ECA2275	S-11386	ECA2373
ECA2277	S-11387	ECA2373
ECA2279	S-11391	ECA2373
ECA2297	S-11484	ECA2299
ECA2299	S-11485	ECA2299
ECA2301	S-11486	ECA2299
ECA2303	S-11487	ECA2299
ECA2305	S-11488	ECA2299
ECA2368	S-11633	ECA2373
ECA2371	S-11635	ECA2373
ECA2373	S-11637	ECA2373
ECA2379	S-12215	ECA2385
ECA2381	S-12216	ECA2385
ECA2383	S-12217	ECA2385
ECA2385	S-12218	ECA2385
ECA2387	S-12220	ECA2385
ECA2425	S-12280	ECA2425
ECA2455	S-12327	ECA2385
ECA2457	S-12328	ECA2385
ECA2462	S-12438	ECA1701
ECA2464	S-12440	ECA1701
ECA2470	S-12464	ECA1701
ECA2491	S-12646	ECA2385
ECA2493	S-12648	ECA2385
ECA2499	S-12607	EG6268
ECA2501	S-12608	EG6268
ECA2503	S-12664	EG6268
ECA2505	S-12666	EG6268
ECA2507	S-12705	EG6268
ECA2511	S-12756	EG6268
ECA2513	S-12766	EG6268
ECA2515	S-12775	EG6268
ECA2613	S-13407	ECA2663
ECA2614	S-13412	ECA2663
ECA2616	S-13491	ECA2623
ECA2617	S-13500	ECA2617
ECA2618	S-13508	ECA2618
ECA2619	S-13510	ECA2621
ECA2620	S-13511	ECA2621
ECA2621	S-13512	ECA2621
ECA2622	S-13529	ECA2621
ECA2623	S-13540	ECA2623
ECA2624	S-13555	ECA2617
ECA2625	S-13558	ECA2625
ECA2626	S-13578	ECA2626
ECA2627	S-13579	ECA2626
ECA2628	S-13590	ECA2621
ECA2629	S-13598	ECA2621
ECA2630	S-13599	ECA2621
ECA2631	S-13605	ECA2621
ECA2632	S-13614	ECA2625
ECA2633	S-13640	ECA2647
ECA2634	S-13682	ECA2636
ECA2635	S-13683	ECA2636
ECA2636	S-13684	ECA2636
ECA2637	S-13706	ECA2637
ECA2638	S-13721	ECA2647
ECA2639	S-13746	ECA2639
ECA2645	S-13870	ECA2645
ECA2646	20210803	ECA2647
ECA2647	20210803	ECA2647
ECA2661	20210803	ECA2663
ECA2662	20210803	ECA2663
ECA2663	20210803	ECA2663
ECA2664	20210803	ECA2664
ECA2666	20210803	ECA2666
ECA2667	20210803	ECA2667
ECA2668	20210803	ECA2636
ECA2669	20210803	ECA2670
ECA2670	20210803	ECA2670
ECA2671	20210803	ECA2621
ECA276	20210803	ECA276
ECA277	20210803	ECA278
ECA278	20210803	ECA278
ECA280	20210803	ECA276
ECA2807	20210803	ECA2808
ECA2808	20210803	ECA2808
ECA2867	S-14243	ECA2385
ECA2869	S-14246	ECA2385
ECA287	20210803	ECA287
ECA2875	S-14439	ECA1559
ECA2876	S-14440	ECA1559
ECA2877	S-14486	ECA1559
ECA2878	S-14517	ECA1559
ECA2879	S-14532	ECA1559
ECA288	20210803	ECA288
ECA2883	S-14561	ECA2883
ECA2890	S-14613	ECA2890
ECA2892	S-14618	EG6268
ECA2893	S-14620	EG6268
ECA2894	S-14629	ECA2894
ECA2907	S-14747	ECA1701
ECA2912	S-14199	ECA2385
ECA2936	S-14054	EG6268
ECA2937	S-14055	EG6268
ECA2975	S-14190	ECA2975
ECA3010	S-14801	ECA1701
ECA3014	S-14815	ECA2385
ECA3015	S-14818	ECA1701
ECA3017	S-14820	ECA1701
ECA3018	S-14862	ECA2385
ECA3019	S-14863	ECA2385
ECA3020	S-14868	ECA2385
ECA3022	S-14871	ECA2385
ECA3023	S-14872	ECA2385
ECA3026	S-14885	ECA2385
ECA3028	S-14888	ECA2385
ECA3029	S-14902	ECA1174
ECA3031	S-14904	ECA1174
ECA3056	S-14965	ECA1174
ECA3059	S-14970	ECA1174
ECA3061	S-14972	ECA1174
ECA3064	S-14977	ECA2385
ECA3065	S-14978	ECA2385
ECA3066	S-14979	ECA2385
ECA3071	S-14992	ECA2385
ECA3083	S-14778	ECA1559
ECA3084	S-14782	ECA1559
ECA3085	S-14783	ECA1559
ECA3086	S-14784	ECA1559
ECA3090	S-14794	ECA1559
ECA3091	S-14811	ECA3091
ECA3093	S-14825	ECA1559
ECA3109	S-14762	ECA1174
ECA3111	s-14770	ECA1559
ECA343	20210803	ECA343
ECA344	20210803	ECA343
ECA346	20210803	ECA346
ECA3498	S-15237	ECA1383
ECA3499	S-15238	ECA1383
ECA3500	S-15239	ECA3502
ECA3501	S-15241	ECA3502
ECA3502	S-15242	ECA3502
ECA3503	S-15244	ECA3503
ECA3504	S-15245	ECA3503
ECA3505	S-15293	ECA3509
ECA3506	S-15294	ECA3509
ECA3507	S-15295	ECA3509
ECA3508	S-15296	ECA3509
ECA3509	S-15298	ECA3509
ECA3515	S-15037	ECA1174
ECA3520	S-15092	ECA1160
ECA3521	S-15111	ECA1174
ECA3522	S-15115	ECA1174
ECA3539	S-15422	ECA1609
ECA3540	S-15423	ECA1160
ECA3541	S-15424	ECA1609
ECA3544	S-15458	ECA1174
ECA3545	S-15459	ECA1174
ECA3552	S-15509	ECA1174
ECA3553	S-15511	ECA1174
ECA3554	S-15512	ECA1383
ECA3555	S-15513	ECA1174
ECA3557	S-15523	ECA1174
ECA3563	S-15543	ECA1609
ECA3564	S-15544	ECA1609
ECA3567	S-15548	ECA1609
ECA3568	S-15557	ECA1559
ECA3569	S-15558	ECA1559
ECA357	20210803	ECA1383
ECA360	20210803	ECA2385
ECA3629	S-15800	ECA1559
ECA3633	S-15818	ECA1559
ECA3639	S-15854	ECA1559
ECA3642	S-15871	ECA1559
ECA3648	S-15898	ECA1174
ECA3649	S-15899	ECA1174
ECA3650	S-15900	ECA1174
ECA3651	S-15901	ECA1174
ECA3652	S-15902	ECA1174
ECA3653	S-15903	ECA1174
ECA3655	S-15917	ECA1383
ECA3657	S-15924	ECA1559
ECA3661	S-15950	ECA1383
ECA3662	S-15951	ECA1383
ECA3669	S-15966	ECA1174
ECA3675	S-16074	ECA1559
ECA3679	S-16086	ECA1383
ECA3681	S-16094	ECA1559
ECA3683	S-16106	ECA2385
ECA3706	F1A1	JU1344
ECA3707	S-15849	ECA3708
ECA3708	S-15997	ECA3708
ECA3709	S-15999	ECA3708
ECA371	20210803	ECA371
ECA3710	S-15699	ECA3713
ECA3712	S-15978	ECA3712
ECA3713	S-16012	ECA3713
ECA3738	AF16	AF16
ECA3889	CGC HK104	HK104
ECA3890	Gupta Lab HK104	HK104
ECA3898	HK104	HK104
ECA3899	S-16208	ECA3899
ECA569	20210803	ECA569
ED3032	NULL	ED3032
ED3033	NULL	ED3037
ED3034	NULL	ED3037
ED3035	NULL	ED3037
ED3036	NULL	BRC20228
ED3037	NULL	ED3037
ED3078	NULL	ED3088
ED3080	NULL	ED3088
ED3082	NULL	ED3088
ED3083	NULL	ED3088
ED3085	NULL	ED3088
ED3087	NULL	ED3088
ED3088	NULL	ED3088
ED3089	NULL	ED3088
ED3090	NULL	ED3102
ED3091	NULL	ED3102
ED3092	NULL	ED3102
ED3093	NULL	ED3102
ED3095	NULL	ED3102
ED3096	NULL	ED3102
ED3097	NULL	ED3102
ED3098	NULL	ED3102
ED3101	NULL	ED3102
ED3102	NULL	ED3102
EG4181	NULL	EG4360
EG4207	NULL	EG4360
EG4360	NULL	EG4360
EG4365	NULL	EG4360
EG5612	NULL	EG5612
EG5613	NULL	EG5613
EG5614	NULL	EG5612
EG5715	NULL	EG4360
EG5784	NULL	EG4360
EG6179	NULL	EG6179
EG6257	NULL	EG6261
EG6258	NULL	EG6260
EG6259	NULL	EG6261
EG6260	NULL	EG6260
EG6261	NULL	EG6261
EG6262	NULL	EG6260
EG6263	NULL	EG6261
EG6265	NULL	EG6265
EG6266	NULL	EG6260
EG6267	NULL	EG6267
EG6268	NULL	EG6268
EG6269	NULL	EG6268
EG6270	NULL	EG6268
EG6271	NULL	EG6271
EG6272	NULL	EG6272
EG6273	NULL	EG6276
EG6274	NULL	EG6274
EG6275	NULL	EG6275
EG6276	NULL	EG6276
EG6313	NULL	EG6276
EG6329	NULL	EG6329
GUN124	NULL	GUN124
GXW21	NULL	GXW22
GXW22	NULL	GXW22
GXW23	NULL	GXW23
GXW24	NULL	GXW22
GXW25	NULL	GXW22
GXW26	NULL	GXW22
HK104	HK104 CGC	HK104
HK105	NULL	HK104
HPT1	Elka	HPT37
HPT11	B25.1	HPT11
HPT12	B26.1	HPT34
HPT13	U3.1	HPT16
HPT16	U19.1	HPT16
HPT18	U22.1	HPT18
HPT19	U24.1	HPT19
HPT2	B1.2	HPT2
HPT21	U26.12	HPT21
HPT22	U28.11	HPT21
HPT23	L1.1	HPT24
HPT24	L5.1	HPT24
HPT28	L33.1	HPT42
HPT34	S6.1	HPT34
HPT37	S18.1	HPT37
HPT4	B5.1	HPT4
HPT42	S29.1	HPT42
HPT45	S41.1	HPT42
HPT52	A6.2	HPT52
HPT53	A8.1	HPT53
HPT54	A12.1	HPT54
HPT55	A13.2	HPT55
HPT58	A30.2	HPT54
HPT59	A33.1	HPT59
HPT6	B16.1	HPT34
HPT60	A34.1	HPT60
HPT62	A17.1	HPT62
HPT63	A31.1	HPT63
HPT7	B17.1	HPT7
HPT8	B18.1	HPT8
HPT9	B21.1	HPT9
JU1038	PrA1	NIC174
JU1041	PrC2	NIC174
JU1042	PrD2	NIC174
JU1043	PrD3	NIC174
JU1044	PrD4	NIC174
JU1045	PrE1	NIC174
JU1046	PrE2	NIC174
JU1047	PrE3	NIC174
JU1048	PrE4	NIC174
JU1049	PrE5	NIC174
JU1085	J16B2	JU1257
JU1205	L1A3A	NIC174
JU1254	14.3.1	NIC174
JU1257	1.1.12	JU1257
JU1258	1.9.1	NIC174
JU1259	1.17.1	NIC174
JU1260	B1.1	NIC174
JU1261	13.6.1	NIC174
JU1262	13.11.1	NIC174
JU1263	13.15.1	NIC174
JU1264	K2	NIC174
JU1337	1K1	JU1337
JU1338	13A1	JU1338
JU1339	14F1	JU1338
JU1340	17A3	JU1338
JU1341	18B1	JU1341
JU1342	19A2	JU1338
JU1343	21A1	JU1338
JU1344	22A1	JU1344
JU1345	24C1	JU1344
JU1346	35C2	JU1346
JU1347	41J1	JU1347
JU1348	47AI3	JU1348
JU1375	R8N1	JU1375
JU1376	R10P1	NIC174
JU1377	R11D1	JU1377
JU1378	R16F1	JU1378
JU1392	Rio 1	JU1392
JU1399	C4.2.3	JU1399
JU1424	V1.4	JU1424
JU1435	R19.1.1	JU1435
JU1467	9.1.2	NIC174
JU1468	9.1.3	NIC174
JU1469	9.1.4	NIC174
JU1470	9.1.5	NIC174
JU1471	9.1.6	NIC174
JU1472	9.1.7	NIC174
JU1473	9.1.8	NIC174
JU1474	9.3.3	NIC174
JU1496	B15.1	NIC174
JU1497	B16.1	NIC174
JU1498	B17.1	NIC174
JU1499	B18.1	NIC174
JU1500	B19.1	NIC174
JU1509	B31.1	NIC174
JU1529	O20.2.1	NIC174
JU1533	O21.1.4	NIC174
JU1542	O27.2.1	NIC174
JU1551	O30.1.2	NIC174
JU1556	O32.2.2	NIC174
JU1560	O33.1.1	NIC174
JU1561	O36.1.2	NIC174
JU1562	O40.1.1	NIC174
JU1564	CSH_A1	JU1564
JU1637	25.2.2	JU1637
JU1638	26.1.1	JU1638
JU1767	O183.1	NIC174
JU1775	NULL	NIC174
JU1776	NULL	NIC174
JU1784	I34.1.1	NIC174
JU1788	I36cl1	NIC174
JU1789	B4.1	NIC174
JU1791	B09.3.1	NIC174
JU1794	Z1E3.3	JU1794
JU1795	Z1E5.5	JU1795
JU1799	R2.1.1.1.2.1	JU1799
JU1802	R9.2.2.1	JU1802
JU1814	A6.1	JU1814
JU1820	D8.2	NIC67
JU1822	D10.2	NIC67
JU1827	D12.1	NIC67
JU1828	D14.1	NIC67
JU1829	D22.1	NIC67
JU1830	D25.1	NIC67
JU1834	D29.1	NIC67
JU1884	Gua1	JU1884
JU1885	A.1	JU1885
JU1907	A6.1	JU1907
JU1908	A7.1	JU1908
JU1909	A11.1	JU1909
JU1912	B14.1	JU1913
JU1913	B15.1	JU1913
JU1914	B23.1	JU2506
JU1987	O635.10	NIC174
JU1992	O665.15	NIC174
JU1993	O668.18	NIC174
JU1994	O669.3	NIC174
JU1995	O673.5	NIC174
JU1996	O673.14	NIC174
JU1997	O674.2	NIC174
JU1998	O675.20	NIC174
JU1999	O662.1	NIC174
JU2004	O695.20.1.1	NIC174
JU2032	O176.10	NIC174
JU2044	G1.1	NIC67
JU2045	G6.1	NIC61
JU2053	H3.1	JU2053
JU2054	H4.7	JU2054
JU2055	H7.2	EG6268
JU2056	H10.1	JU2056
JU2057	IE8.1	JU2057
JU2101	O370.2.1	NIC174
JU2103	O738.5.1	NIC174
JU2105	S70.1.1	NIC174
JU2138	S51.6	QR25
JU2142	B11.11.2	NIC174
JU2143	B11.18.1	NIC174
JU2144	B11.30.1	NIC174
JU2145	B11.31.1	NIC174
JU2160	Z20.1	JU2160
JU2162	Z21.2	JU2162
JU2164	O801.1.1	NIC174
JU2181	Q7.4	QR25
JU2182	Q14.2	QR25
JU2183	Q15.5	QR25
JU2184	Q17.1	QR25
JU2185	Q18.1	QR25
JU2206	o914-B4	NIC174
JU2208	o914-A5	NIC174
JU2214	Peru-2B10A	JU2214
JU2216	Peru-3-1-10A3	JU2216
JU2217	o914-B5	NIC174
JU2218	o949-B4	NIC174
JU2219	o963-1	NIC174
JU2220	o951-A2	NIC174
JU2221	LeP3-B10	NIC174
JU2222	LeP3A1	NIC174
JU2223	o951-A1	NIC174
JU2224	LeP3A4	NIC174
JU2225	o949-B5	NIC174
JU2226	o951-A5	NIC174
JU2227	o944-D2	NIC174
JU2228	o957-C2	NIC174
JU2229	noix1	NIC174
JU2233	o949-B1	NIC174
JU2247	o951-A10	NIC174
JU2248	o944-C3	NIC174
JU2252	o949-A6	NIC174
JU2256	NULL	NIC174
JU2457	Amazonia2.1	JU2457
JU2470	fleurs1.3	JU2470
JU2471	Amazonia1.2	NIC1183
JU2472	AV5.2	JU2472
JU2473	Myr1	JU2472
JU2506	O133.2	JU2506
JU2507	TH3.1	JU2507
JU2517	o917.A4	JU2506
JU2518	NULL	JU2518
JU2531	S222-6	NIC174
JU2533	Bel13-1	JU2053
JU2536	bud3-1	JU2536
JU2555	I1.6	NIC174
JU2556	I2.14	NIC174
JU2562	O1067.4	NIC174
JU2563	O1080.3	NIC174
JU2567	O1070.10	NIC174
JU2569	NULL	JU2506
JU2573	o1084.2	JU2053
JU2577	BND1.1	NIC174
JU2579	B13_26.3	NIC174
JU2580	B13_27.2	NIC174
JU2582	B13_31.2	NIC174
JU2583	B13_34.1	NIC174
JU2584	CR41.1	NIC174
JU2588	NULL	NIC174
JU2590	vau 14.6	NIC174
JU2591	IS6.1	NIC174
JU2594	Vau12.8	NIC174
JU2595	Vau15.9	NIC174
JU2596	Vau16.3	NIC174
JU2597	Vau17.1	JU2597
JU2618	Y3.1	JU2597
JU2626	O177.2	NIC174
JU2747	NULL	JU2747
JU2753	LB14-5.7	JU3171
JU2754	LB14-2.3	NIC174
JU2766	Long2.4	NIC174
JU2767	Long15.3	JU2767
JU2773	A21B3.1	NIC174
JU2777	AUS-o1	QG2925
JU2779	O1170 (S17)	NIC174
JU2780	AUS-i6	NIC174
JU2781	A31.4	JU2872
JU2783	A31.10	NIC174
JU2786	tarn3B	NIC174
JU279	13B2	NIC174
JU2791	LB14_11.1	JU3171
JU2792	TARN4	NIC174
JU2793	LB14_14.2	NIC174
JU2799	G5.5	JU2799
JU280	13A1	NIC174
JU2801	ART3.6	JU2801
JU2814	Arb 4.2	JU2767
JU2823	LB14.37-8	NIC174
JU2824	LB14.36-6	NIC174
JU2835	PV2	JU2836
JU2836	PV4	JU2836
JU2849	Br5.5	JU2849
JU2850	Br2.1	JU2849
JU2861	Cam7.1	JU2861
JU2863	CNRS1	NIC174
JU2868	V21.4	JU2868
JU2872	V24.5	JU2872
JU2873	V25.2	JU2872
JU2893	B3.4	NIC174
JU2894	B5.6	NIC174
JU2905	F9.1	NIC174
JU2910	M2.6	JU2747
JU296	13C1	NIC174
JU3168	STJ5.5	JU2767
JU3171	STJ8.2	JU3171
JU3199	Ba3.2	JU2801
JU3200	Ba4.1	JU3200
JU3201	Ba6.7	JU3201
JU3202	Ba7.5	JU3202
JU3203	Ba8.1	JU3203
JU3204	Ba9.1	JU3416
JU3205	Ba10.3	JU3202
JU3206	Ba15.1	JU3206
JU3207	Ba16.1	JU3207
JU3237	MTS3.4	JU3237
JU3272	CZ1.7	JU3272
JU3273	CZ2.1	JU3272
JU3276	CZ16.1	NIC174
JU3278	CZ20.1	NIC174
JU3279	CZ21.1	NIC174
JU3281	CZ24.1	JU3281
JU3319	Ch16.2	JU3319
JU3321	Ch21.3	JU3321
JU3323	Ch24.4	JU3319
JU3326	Ch43.8	JU3326
JU3327	Ch44.5	JU3327
JU3416	J18-7.7	JU3416
JU3420	J18-22.8	JU3272
JU3422	J18-25.1	JU3272
JU348	C2.1	NIC174
JU349	C6.1	NIC174
JU350	C7.1	NIC174
JU351	C7.2	NIC174
JU352	C7.3	NIC174
JU353	C7.4	NIC174
JU354	C7.6	NIC174
JU355	C7.5	NIC174
JU356	C7.7	JU356
JU357	C7.8	NIC174
JU358	C8.1	NIC174
JU372	B2.2.3	NIC174
JU373	B2.2.9	NIC174
JU374	B2.2.1	NIC174
JU375	B2.2.8	NIC174
JU377	B2.2.6	NIC174
JU378	B2.3.2	NIC174
JU3784	NULL	NIC174
JU379	B2.2.5	NIC174
JU380	B2.2.2	NIC174
JU381	B2.2.7	NIC174
JU382	B2.2.1	NIC174
JU383	B2.2.4	NIC174
JU403	HC2.2	NIC174
JU404	HC2.8	NIC174
JU4041	NULL	QG2849
JU4042	NULL	JU4042
JU4049	NULL	JU4051
JU405	HC4.1	NIC174
JU4051	NULL	JU4051
JU4058	NULL	JU4058
JU4060	NULL	JU4060
JU4062	NULL	JU4062
JU4064	NULL	JU4064
JU4080	NULL	JU4080
JU4084	NULL	JU4084
JU4097	NULL	JU4097
JU4099	NULL	BRC20498
JU4288	NULL	NIC174
JU439	NULL	NIC174
JU441	NULL	NIC174
JU516	P13E1	NIC174
JU725	5A2	JU725
JU726	14D4	JU1344
JU757	B2A1	NIC174
JU793	F1A1	JU1344
JU794	F1B1	NIC174
JU795	F1D1	NIC174
JU796	F1E1	NIC174
JU797	F2B1	NIC174
JU835	O1F1	NIC174
JU836	O1F3	NIC174
JU837	O1F4	NIC174
JU838	O1F5	NIC174
JU839	O1F6	NIC174
JU840	O1F7	NIC174
JU841	O1F8	NIC174
JU842	O1F9	NIC174
JU843	O1F10	NIC174
JU844	O1F11	NIC174
JU845	O1F12	NIC174
JU846	O1I1	NIC174
MY2049	D558a1	NIC174
MY2132	E635c3	NIC174
MY2249	A689c7	MY2716
MY2250	A688c10	MY539
MY2269	A689c4	MY2716
MY2270	A688c6	MY539
MY2271	A688c3	MY2716
MY2281	A688c2	MY539
MY2364	A725c5	MY2716
MY2716	A1148v1	MY2716
MY2717	A1148v2	MY2716
MY2725	A1183ve2	MY539
MY2748	M420v4	MY2716
MY539	A20c5	MY539
MY646	C60c6	NIC174
MY661	C60c4	NIC174
MY681	C59c12	MY681
MY682	D48a3	NIC174
MY683	C63a8	NIC174
MY699	D48a1	NIC174
MY701	D48a4	NIC174
MY702	D48a6	NIC174
MY709	C60c8	NIC174
MY727	D101a2	NIC174
MY728	D106c14	NIC174
MY750	D106c12	NIC174
MY751	D102a6	NIC174
MY752	D105a4	NIC174
MY754	D106c15	NIC174
MY755	D106c10	NIC174
MY756	D102a12	NIC174
MY761	D106c6	NIC174
MY765	D109c2	NIC174
MY771	D109c1	NIC174
MY800	A138c5	MY2716
MY801	A138c10	MY2716
MY918	D224c3	NIC174
MY945	D284c5	NIC174
NIC100	H6F4.2a	NIC67
NIC101	H6F4.4a	NIC67
NIC103	H6F6	NIC67
NIC1047	2.1	NIC174
NIC1048	2.2	NIC174
NIC1050	6a1	NIC1050
NIC1052	6d	NIC1052
NIC1053	6e	NIC1050
NIC1054	8a	NIC1054
NIC1055	11a	NIC1055
NIC1056	11b	NIC1055
NIC1057	12a	NIC1057
NIC1058	12b	NIC1058
NIC1059	13	NIC1059
NIC106	H6F10	NIC67
NIC1060	14	NIC1060
NIC1061	16	NIC1062
NIC1062	17a1	NIC1062
NIC1063	17a2	NIC1062
NIC1065	17d	NIC1062
NIC1066	17e	NIC1062
NIC1069	18a	NIC1069
NIC107	H6Humus3	NIC96
NIC1072	75a	NIC174
NIC108	H6litter3	NIC67
NIC1088	96b	NIC174
NIC1089	97b1	NIC174
NIC109	H6F2	NIC67
NIC1090	97b2	NIC174
NIC1100	1b2	NIC174
NIC1103	13	NIC1103
NIC1104	Rozo 1	NIC1104
NIC1106	Sexta1	NIC1106
NIC1117	CH1.1	NIC1117
NIC1118	CH1.2	NIC1117
NIC1123	27.2	NIC1123
NIC1124	28	NIC1124
NIC1125	30	NIC1138
NIC1131	38a	NIC1183
NIC1134	39	NIC1123
NIC1135	42	NIC1135
NIC1138	47	NIC1138
NIC1139	48a	NIC1183
NIC1141	51	NIC1141
NIC1143	56	NIC1183
NIC115	C11	NIC115
NIC1154	72	NIC1124
NIC1158	74	NIC1124
NIC116	X7	NIC119
NIC117	X8	NIC117
NIC1182	111	NIC1183
NIC1183	113	NIC1183
NIC1185	120	NIC1190
NIC1186	125a	NIC1183
NIC1189	128	NIC1123
NIC119	X12	NIC119
NIC1190	130	NIC1190
NIC1202	7b	NIC1202
NIC1203	7c	NIC1202
NIC1204	7d	NIC1204
NIC1205	7e.1	NIC1205
NIC1206	7e.2	NIC1202
NIC1217	11a	NIC1218
NIC1218	11b	NIC1218
NIC1219	11c	NIC1218
NIC1220	11e	NIC1220
NIC1221	13	NIC1221
NIC123	X11	NIC123
NIC1261	P367	NIC67
NIC1266	164b	NIC67
NIC1267	295	NIC1267
NIC1273	174a	NIC1292
NIC1274	292	NIC1267
NIC1279	196a	NIC1407
NIC1283	195	NIC1283
NIC1287	164a	NIC67
NIC1288	196b	NIC1288
NIC1289	255	NIC1423
NIC1292	175b	NIC1292
NIC1295	172	NIC67
NIC1296	173b	NIC67
NIC1302	152b	NIC1302
NIC1303	173a	NIC67
NIC1304	236	NIC1304
NIC1306	325a	JU1814
NIC1308	328a	NIC1308
NIC1351	394b	NIC67
NIC1356	421	NIC67
NIC1373	381	NIC67
NIC1394	296	NIC1267
NIC1407	175c	NIC1407
NIC1413	152a	NIC1423
NIC1414	224	NIC1423
NIC1416	213b	NIC1423
NIC1418	190c	NIC1423
NIC1421	327	NIC1421
NIC1423	204	NIC1423
NIC1424	CI-2	NIC67
NIC1442	404	NIC1442
NIC146	C7.1c	NIC174
NIC1479	510-F1	NIC67
NIC1480	510-F2	NIC67
NIC1481	510-F3	NIC67
NIC1482	510-F4	NIC67
NIC1483	510-F5	NIC67
NIC1485	510-O5	NIC67
NIC149	C10.3b	NIC174
NIC1491	532-F4	NIC1491
NIC151	C14.1a	NIC174
NIC1524	22	NIC1528
NIC1525	24	NIC1525
NIC1527	19	NIC1528
NIC1528	21	NIC1528
NIC1529	15	NIC1529
NIC153	C16.1a	NIC174
NIC1530	13	NIC1528
NIC1533	8	NIC1533
NIC1535	5	NIC1535
NIC1537	2	NIC1528
NIC1539	1	NIC1539
NIC154	C17a	NIC174
NIC1540	2a	NIC1540
NIC155	F7e	NIC174
NIC1552	10b	NIC1688
NIC156	F8.2f	NIC174
NIC1562	15b	NIC1562
NIC157	F13.1a	NIC174
NIC158	F16.1c	NIC174
NIC1589	41a	NIC1589
NIC1590	41b	NIC1590
NIC1591	41c	NIC1591
NIC1593	41e	NIC1593
NIC1595	42a	NIC1595
NIC1598	42d	NIC1598
NIC160	F20c	NIC174
NIC1602	47c	NIC1602
NIC1607	11b	NIC1607
NIC161	F23d	NIC174
NIC1610	1c2	NIC174
NIC1618	6a	NIC174
NIC162	F26d	NIC174
NIC1625	35b	NIC1630
NIC1626	35c	NIC1630
NIC1628	36b	NIC1628
NIC1629	38a	BRC20390
NIC163	E2.2b	NIC174
NIC1630	38b	NIC1630
NIC1631	38c	NIC1631
NIC1632	52c	NIC1632
NIC1633	52d	NIC1633
NIC1634	52e	NIC1635
NIC1635	53	NIC1635
NIC164	E12d	NIC174
NIC1645	2a	NIC1645
NIC1660	6b	NIC1660
NIC1661	11b	NIC1661
NIC1662	12a	NIC1662
NIC1663	12b	NIC1663
NIC1664	13b	NIC1664
NIC1665	14	NIC1665
NIC1666	15	NIC1666
NIC1667	21a	NIC1667
NIC1668	21b	NIC1667
NIC1669	21c	NIC1667
NIC167	D3.2d	NIC174
NIC1681	20a-1	NIC1681
NIC1688	33a	NIC1688
NIC169	D16.2d	NIC174
NIC1692	34a	NIC1692
NIC1693	34b	NIC1693
NIC17	5	NIC17
NIC170	D18.1	NIC174
NIC171	D22.2c	NIC174
NIC173	D26.1d	NIC174
NIC174	D27.1	NIC174
NIC175	D28.1	NIC174
NIC178	G3.4c	NIC174
NIC179	G8a	NIC174
NIC18	H3F1.5	NIC67
NIC180	D29d	NIC174
NIC181	Alex1a	NIC174
NIC182	D15.2a	NIC174
NIC185	E7.1a	NIC174
NIC186	NULL	NIC174
NIC187	E_a	NIC187
NIC188	G2_a	NIC188
NIC19	#2	NIC19
NIC191	G1_b1	NIC191
NIC20	#3	NIC20
NIC208	SLO-14.3	NIC174
NIC209	SLO-20.1	NIC174
NIC2093	CH-B2	NIC174
NIC2096	NICE-T	NIC174
NIC2097	NICE-J10	NIC174
NIC2098	NICE-J14	NIC174
NIC21	#5	NIC21
NIC2103	P-21	NIC174
NIC2112	P-31	NIC174
NIC2182	1a2	NIC174
NIC2184	1c	NIC174
NIC2189	2d	NIC174
NIC2190	3a	NIC174
NIC2191	3b	NIC174
NIC2192	3c	NIC174
NIC2193	3d	NIC174
NIC2194	3e	NIC174
NIC2195	4b	NIC174
NIC2196	4c	NIC174
NIC2197	4d	NIC174
NIC2198	5b	NIC174
NIC2199	5e	NIC174
NIC22	#8	NIC22
NIC2200	27	NIC174
NIC23	G2.1	NIC67
NIC2356	BAER-238	NIC67
NIC2358	BAER-240b	NIC419
NIC2359	BAER-240c	NIC419
NIC2369	BAER-346c	NIC2369
NIC243	1.1a	NIC174
NIC248	4	NIC248
NIC250	10	NIC250
NIC2521	C2	NIC2527
NIC2522	C8	NIC2527
NIC2526	C18	NIC2527
NIC2527	C19	NIC2527
NIC253	18.1a	NIC174
NIC254	20.1a	NIC174
NIC28	G2.7	NIC67
NIC29	G2.8	NIC67
NIC292	532	NIC419
NIC30	G2.9	NIC67
NIC301	4963	NIC67
NIC302	530	NIC419
NIC303	4961	NIC67
NIC309	360a	NIC309
NIC317	279	NIC67
NIC32	G2.11	NIC67
NIC323	272a	NIC67
NIC325	360b	NIC325
NIC327	377b1	NIC327
NIC329	383	NIC329
NIC330	379c	NIC330
NIC331	385a	NIC331
NIC332	382	NIC332
NIC333	374	NIC333
NIC340	333b	NIC392
NIC341	339	NIC67
NIC343	340a	NIC343
NIC358	443a	NIC67
NIC36	G2.15	NIC67
NIC362	455	NIC67
NIC367	511a	NIC67
NIC368	491	NIC419
NIC369	531	NIC419
NIC37	G2.16	NIC67
NIC373	530b	NIC419
NIC377	2741	NIC67
NIC38	G2.17	NIC67
NIC392	326	NIC392
NIC398	2742	NIC174
NIC399	274	NIC67
NIC40	G2.19	NIC67
NIC400	375	NIC400
NIC402	381b	NIC402
NIC419	513a	NIC419
NIC442	15NF2	NIC67
NIC498	PA-01/7a-2	NIC174
NIC5	5.1.1	NIC174
NIC504	TAI 3.1a	NIC504
NIC505	TAI 4b	NIC505
NIC507	NAP C1.1	NIC174
NIC509	NAP C6.1	NIC174
NIC510	NAP C7.1	NIC174
NIC518	WAN4/5b	NIC518
NIC519	WAN7/6.1a	NIC519
NIC532	GUA 7/7.1b	NIC532
NIC541	571b	NIC541
NIC549	574.2	NIC549
NIC552	576	NIC552
NIC553	578b1	NIC541
NIC554	578b2	NIC541
NIC555	580a	NIC555
NIC556	580b	NIC555
NIC557	580c	NIC555
NIC558	580d	NIC555
NIC561	596a	NIC561
NIC574	608c2	NIC574
NIC576	609a2	NIC578
NIC578	610	NIC578
NIC582	617b1	NIC583
NIC583	617b2	NIC583
NIC590	621.1	NIC590
NIC593	624	NIC593
NIC596	626a	NIC578
NIC597	626b	NIC578
NIC599	635	NIC578
NIC6	5.3	NIC174
NIC60	I4.1	NIC60
NIC61	I5.1	NIC61
NIC62	I6.1	NIC62
NIC63	I7.1	NIC61
NIC64	I8.1	NIC60
NIC65	H3F1	NIC67
NIC66	H3F1.2	NIC67
NIC67	H3F2	NIC67
NIC68	H3F3	NIC67
NIC69	H3F3.3	NIC67
NIC70	H3F3.4	NIC67
NIC71	H3F4	NIC67
NIC72	H3F4.1	NIC67
NIC73	H3F4.2	NIC67
NIC74	H3F4.3	NIC67
NIC745	637	NIC583
NIC75	H3F4.5	NIC67
NIC757	656	NIC583
NIC758	657	NIC758
NIC76	H3F5	NIC67
NIC77	H3F5.1d	NIC67
NIC776	678b	NIC593
NIC777	582	NIC777
NIC778	711.2	NIC828
NIC779	829b	NIC779
NIC78	H3F5.2a	NIC67
NIC79	H3F5.3	NIC67
NIC790	679	NIC790
NIC791	680a	NIC791
NIC792	680b	NIC792
NIC793	681	NIC793
NIC795	682b	NIC795
NIC796	682c	NIC796
NIC80	H3F5.4	NIC67
NIC802	689	NIC802
NIC803	692a	NIC803
NIC804	692b	BRC20543
NIC805	692c	NIC805
NIC806	692d	NIC805
NIC807	693a	BRC20543
NIC808	20210803	NIC815
NIC809	20210803	NIC815
NIC81	20210803	NIC67
NIC810	20210803	BRC20543
NIC811	20210803	NIC811
NIC812	20210803	NIC815
NIC813	20210803	NIC815
NIC814	696b	NIC814
NIC815	698	NIC815
NIC816	700a	NIC816
NIC817	700b	NIC816
NIC818	700c	NIC816
NIC819	701a	NIC819
NIC820	702a	NIC815
NIC821	706a	NIC821
NIC822	846a2	NIC822
NIC824	712	NIC824
NIC825	713.1	NIC825
NIC826	713.2	BRC20390
NIC827	722b	NIC827
NIC828	724	NIC828
NIC829	733	NIC821
NIC83	H3F8	NIC67
NIC839	785a2	NIC815
NIC84	H3F9	NIC67
NIC850	802f	NIC815
NIC86	H3litter1	NIC67
NIC863	830a	NIC863
NIC864	832a	NIC864
NIC865	833	NIC865
NIC87	H3inv1	NIC67
NIC871	843a	NIC871
NIC876	847a	BRC20390
NIC877	847b	BRC20390
NIC879	699	BRC20238
NIC88	H3inv4	NIC67
NIC883	804	NIC883
NIC884	711.1	BRC20390
NIC888	849	NIC883
NIC889	695a	NIC889
NIC89	H6F1	NIC67
NIC890	697b	NIC815
NIC893	4b	NIC893
NIC896	14c	NIC897
NIC897	14d	NIC897
NIC899	J14	NIC899
NIC900	9.1	NIC901
NIC901	9.12	NIC901
NIC902	9.3	NIC901
NIC906	72	NIC561
NIC911	M18 (18)	NIC911
NIC914	915	NIC67
NIC919	909	NIC67
NIC93	H6F2.1	NIC67
NIC95	H6F2.4	NIC67
NIC96	H6F2.5	NIC96
NIC97	H6F3	NIC67
NIC973	10a(10a1)	NIC67
NIC974	16c	NIC67
NIC979	20a	NIC67
NIC98	H6F4	NIC67
NIC981	20c1	NIC67
NIC982	20c2	NIC67
NIC984	34b	NIC984
NIC985	35a	NIC985
NIC998	977c	NIC67
PB420	C. briggsae Gujarat	AF16
PB800	PB800 CGC	PB800
PB826	NULL	PB857
PB857	NULL	PB857
PB858	NULL	PB857
PB859	NULL	PB857
PE887	NULL	PE887
QG1002	NULL	QG2665
QG1005	NULL	QG1005
QG1007	NULL	QG1007
QG106	NULL	NIC174
QG107	NULL	NIC174
QG108	NULL	NIC174
QG109	NULL	NIC174
QG110	NULL	NIC174
QG1100	NULL	QG1126
QG1101	NULL	QG1126
QG1102	NULL	QG1126
QG1103	NULL	QG1126
QG1104	NULL	QG1126
QG1105	NULL	QG1126
QG1106	NULL	QG1126
QG1107	NULL	QG1126
QG1108	NULL	QG1126
QG1109	NULL	QG1126
QG111	NULL	NIC174
QG1111	NULL	QG1111
QG1113	NULL	QG1126
QG1114	NULL	QG1126
QG112	NULL	NIC174
QG1120	NULL	QG1126
QG1124	NULL	QG1126
QG1125	NULL	QG888
QG1126	NULL	QG1126
QG1127	NULL	QG2969
QG1128	NULL	QG1126
QG1129	NULL	QG1126
QG113	NULL	NIC174
QG1130	NULL	QG1126
QG1131	NULL	QG1126
QG1132	NULL	QG2665
QG1134	NULL	QG2665
QG1139	NULL	QG2665
QG114	NULL	NIC174
QG1141	NULL	QG1141
QG1142	NULL	QG2665
QG1143	NULL	QG1141
QG1144	NULL	QG2665
QG1145	NULL	QG2665
QG1146	NULL	QG2665
QG1148	NULL	QG2665
QG1149	NULL	QG2665
QG115	NULL	NIC174
QG1150	NULL	QG2665
QG1151	NULL	QG2665
QG1152	NULL	QG2665
QG1153	NULL	QG2665
QG1154	NULL	QG2665
QG1155	NULL	QG1155
QG1156	NULL	QG2665
QG116	NULL	NIC174
QG117	NULL	NIC174
QG118	NULL	NIC174
QG119	NULL	NIC174
QG120	NULL	NIC174
QG121	NULL	NIC174
QG128	NULL	QG130
QG129	NULL	QG130
QG130	NULL	QG130
QG132	NULL	QG132
QG133	NULL	QG133
QG2615	NULL	QG2665
QG2616	NULL	QG2665
QG2617	NULL	QG2665
QG2618	NULL	QG2665
QG2621	NULL	QG2648
QG2622	NULL	QG2648
QG2623	NULL	QG2665
QG2624	NULL	QG2665
QG2630	NULL	QG2665
QG2631	NULL	QG2665
QG2639	NULL	QG2736
QG2640	NULL	QG2659
QG2641	NULL	QG2641
QG2647	NULL	QG2665
QG2648	NULL	QG2648
QG2649	NULL	QG2663
QG2657	NULL	QG2683
QG2658	NULL	QG2663
QG2659	NULL	QG2659
QG2660	NULL	QG2663
QG2663	NULL	QG2663
QG2664	NULL	QG2663
QG2665	NULL	QG2665
QG2666	NULL	QG2665
QG2667	NULL	QG2648
QG2668	NULL	QG2663
QG2669	NULL	QG2648
QG2671	NULL	QG739
QG2673	NULL	QG2663
QG2674	NULL	QG2683
QG2677	NULL	QG2648
QG2678	NULL	QG2648
QG2682	NULL	QG2663
QG2683	NULL	QG2683
QG2684	NULL	QG784
QG2685	NULL	QG784
QG2686	NULL	QG2663
QG2689	NULL	QG2665
QG2690	NULL	QG2665
QG2691	NULL	QG2648
QG2692	NULL	QG2665
QG2693	NULL	QG739
QG2694	NULL	QG2663
QG2695	NULL	QG2663
QG2714	NULL	QG2736
QG2717	NULL	QG865
QG2718	NULL	QG865
QG2728	NULL	QG2736
QG2729	NULL	QG2736
QG2730	NULL	QG2736
QG2731	NULL	QG2736
QG2734	NULL	QG2736
QG2735	NULL	QG2736
QG2736	NULL	QG2736
QG2737	NULL	QG888
QG2738	NULL	QG888
QG2739	NULL	QG888
QG2740	NULL	QG888
QG2741	NULL	QG888
QG2742	NULL	QG888
QG2752	NULL	QG2665
QG2777	NULL	QG2736
QG2778	NULL	QG865
QG2779	NULL	QG865
QG2780	NULL	QG865
QG2781	NULL	QG865
QG2782	NULL	QG1126
QG2784	NULL	QG2736
QG2814	NULL	QG2814
QG2815	NULL	QG2814
QG2819	NULL	QG2820
QG2820	NULL	QG2820
QG2848	NULL	QG2848
QG2849	NULL	QG2849
QG2880	NULL	QG2880
QG2881	NULL	QG2881
QG2882	NULL	QG2883
QG2883	NULL	QG2883
QG2884	NULL	QG2884
QG2885	NULL	QG2884
QG2886	NULL	QG2892
QG2887	NULL	QG2892
QG2888	NULL	QG2892
QG2889	NULL	QG2892
QG2890	NULL	QG2891
QG2891	NULL	QG2891
QG2892	NULL	QG2892
QG2893	NULL	QG2893
QG2894	NULL	QG2892
QG2895	NULL	QG2895
QG2900	NULL	QG2892
QG2901	NULL	QG2892
QG2902	NULL	QG2902
QG2903	NULL	QG2903
QG2906	NULL	QG2906
QG2908	NULL	QG2908
QG2909	NULL	QG2902
QG2910	NULL	QG2910
QG2919	NULL	QG2919
QG2920	NULL	QG2919
QG2921	NULL	QG2906
QG2922	NULL	QG2906
QG2923	NULL	QG2923
QG2924	NULL	QG2923
QG2925	NULL	QG2925
QG2926	NULL	QG2925
QG2963	NULL	QG2964
QG2964	NULL	QG2964
QG2966	NULL	QG2966
QG2967	NULL	QG1126
QG2968	NULL	QG1126
QG2969	NULL	QG2969
QG2970	NULL	QG2969
QG2971	NULL	QG2969
QG2972	NULL	QG2972
QG2996	NULL	QG2996
QG3002	NULL	QG1126
QG3003	NULL	QG1126
QG3004	NULL	QG3004
QG3006	NULL	QG3006
QG3012	NULL	QG1126
QG3014	NULL	QG3019
QG3015	NULL	QG2648
QG3016	NULL	QG3034
QG3017	NULL	QG3034
QG3018	NULL	QG3058
QG3019	NULL	QG3019
QG3020	NA	QG3053
QG3025	NULL	QG3025
QG3026	NULL	QG3025
QG3028	NA	QG3030
QG3030	NULL	QG3030
QG3031	NULL	QG3030
QG3032	NULL	QG3032
QG3033	NULL	QG2648
QG3034	NULL	QG3034
QG3039	NULL	QG2648
QG3041	NULL	QG3041
QG3043	NULL	QG1126
QG3044	NULL	QG1126
QG3045	NULL	QG1126
QG3046	NULL	QG1126
QG3053	NULL	QG3053
QG3056	NULL	QG3056
QG3057	NULL	QG3057
QG3058	NULL	QG3058
QG3527	NULL	QG3527
QG3661	NULL	QG3661
QG3783	NULL	QG3783
QG3784	NULL	QG3837
QG3787	NULL	QG3837
QG3794	NULL	QG3851
QG3796	NULL	QG3823
QG3798	NULL	QG3823
QG3801	NULL	QG3801
QG3804	NULL	QG3875
QG3810	NULL	QG3878
QG3813	NULL	QG3878
QG3815	NULL	QG3815
QG3816	NULL	QG3816
QG3819	NULL	QG3878
QG3820	NULL	QG3823
QG3822	NULL	QG3823
QG3823	NULL	QG3823
QG3825	NULL	QG3825
QG3826	NULL	QG3826
QG3827	NULL	QG3867
QG3832	NULL	QG3867
QG3837	NULL	QG3837
QG3840	NULL	QG3878
QG3841	NULL	QG3878
QG3842	NULL	QG3851
QG3851	NULL	QG3851
QG3858	NULL	QG3783
QG3861	NULL	QG3861
QG3864	NULL	QG3878
QG3866	NULL	QG3875
QG3867	NULL	QG3867
QG3874	NULL	QG3874
QG3875	NULL	QG3875
QG3876	NULL	QG3876
QG3878	NULL	QG3878
QG3879	NULL	QG3878
QG3920	NULL	QG3920
QG3921	NULL	QG3921
QG3922	NULL	QG3923
QG3923	NULL	QG3923
QG3924	NULL	QG3924
QG3925	NULL	QG3925
QG3926	NULL	QG3926
QG3927	NULL	QG3927
QG3928	NULL	QG3926
QG3929	NULL	QG3931
QG3930	NULL	QG3931
QG3931	NULL	QG3931
QG3932	NULL	QG3932
QG3933	NULL	QG3933
QG4026	S-5250.1	QG4026
QG4027	S-5250.2	QG4028
QG4028	S-5250.3	QG4028
QG4029	S-5250.4	QG4028
QG4030	S-5250.5	QG4031
QG4031	S-5250.6	QG4031
QG4058	S-5341.3	QG4225
QG4059	S-5344.1	QG4063
QG4061	S-5344.3	QG4063
QG4062	S-5344.4	QG4063
QG4063	S-5344.5	QG4063
QG4064	S-5345.1	QG4064
QG4065	S-5345.2	QG4068
QG4066	5345.3	QG4064
QG4067	S-5345.4	QG4067
QG4068	S-5345.5	QG4068
QG4069	S-5345.6	QG4068
QG4070	S-5346.1	QG4070
QG4071	S-5346.2	QG4070
QG4072	S-5346.3	QG4070
QG4073	S-5346.4	QG4070
QG4074	S-5346.5	QG4070
QG4075	S-5346.6	QG4070
QG4093	S-5415.1	QG4093
QG4094	S-5415.2	QG4094
QG4095	S-5415.3	QG4095
QG4096	S-5420.1	QG4096
QG4097	S-5420.2	QG4097
QG4098	5420.3	QG4096
QG4099	5420.4	QG4097
QG4100	S-5420.5	QG4097
QG4101	5420.6	QG4096
QG4104	S-5421.3	QG4104
QG4112	5425.1	QG4114
QG4113	5425.2	QG4097
QG4114	S-5425.3	QG4114
QG4115	S-5425.4	QG4114
QG4116	S-5425.5	QG4114
QG4117	S-5425.6	QG4114
QG4118	5432.1	ECA2647
QG4119	S-5432.2	ECA2647
QG4120	5432.3	ECA2647
QG4121	5432.4	ECA2647
QG4122	5432.5	ECA2647
QG4123	S-5432.6	ECA2647
QG4128	S-5439.1	QG4131
QG4129	S-5439.2	QG4131
QG4130	S-5439.3	QG4131
QG4131	S-5439.4	QG4131
QG4132	S-5439.5	QG4132
QG4133	S-5439.6	QG4131
QG4206	S-5609.1	QG4208
QG4207	S-5609.2	QG4208
QG4208	S-5609.3	QG4208
QG4209	S-5609.4	QG4095
QG4210	S-5609.5	QG4208
QG4211	S-5609.6	QG4095
QG4212	S-5612.1	QG4097
QG4213	S-5612.2	QG4097
QG4214	S-5615.4	QG4214
QG4225	S-5437.2a	QG4225
QG4231	S-5437.2b	QG4225
QG4232	S-5415.5	QG4232
QG4233	S-5415.6	QG4233
QG4630	C-0850I	QG5348
QG4637	C-0606A	QG4742
QG4647	C-0232D	QG4647
QG4648	C-0162F	QG4648
QG4661	C-0377E	QG5525
QG4681	C-0504A	QG5612
QG4682	C-0089J	QG4718
QG4683	C-0136J	QG4683
QG4698	C-0473J	QG5507
QG4700	C-0119C	QG4701
QG4701	C-0216E	QG4701
QG4706	C-0121H	QG4706
QG4715	C-0175E	QG5474
QG4718	C-0093C	QG4718
QG4733	C-0850J	QG5348
QG4742	C-0606B	QG4742
QG4790	C-0475I	QG4718
QG4805	C-0042B	QG4805
QG4838	C-0154A	QG4847
QG4847	C-0154F	QG4847
QG4876	C-0606C	QG4742
QG4880	C-0606E	QG4742
QG4896	C-0606D	QG4742
QG4924	C-0050E	QG5348
QG4944	C-0119F	QG4701
QG4947	C-0119A	QG4701
QG4952	C-0121G	QG4706
QG4953	C-0121E	QG4706
QG4954	C-0119B	QG4966
QG4956	C-0121F	QG4706
QG4966	C-0119D	QG4966
QG4968	C-0121I	QG4706
QG4996	C-0089K	QG4718
QG5008	C-0138E	QG5507
QG5094	C-0136B	QG4683
QG5103	C-0175C	QG5474
QG5149	C-0232C	QG4647
QG5150	C-0152B	QG5633
QG5153	C-0152J	QG5633
QG5166	C-0850D	QG4683
QG5169	C-0850C	QG5348
QG5170	C-0846A	QG5348
QG5179	C-0850B	QG4683
QG5180	C-0846H	QG5348
QG5187	C-0504C	QG5612
QG5197	C-0846G	QG5348
QG5198	C-0846J	QG5348
QG5205	C-0852D	QG4683
QG5277	C-0093A	QG4718
QG5284	C-0093J	QG4718
QG5286	C-0093D	QG4718
QG5290	C-0089L	QG4718
QG5295	C-0093G	QG5507
QG5300	C-0121A	QG4706
QG5314	C-0089I	QG4718
QG5348	C-0850G	QG5348
QG5351	C-0121C	QG4706
QG5369	C-0386C	QG4683
QG5406	C-0250J	QG5406
QG547	NULL	QG547
QG5471	C-0175F	QG5474
QG5474	C-0175G	QG5474
QG5485	C-0361C	QG5603
QG5488	C-0377C	QG5488
QG550	NULL	QG550
QG5506	C-0475C	QG4718
QG5507	C-0473D	QG5507
QG5512	C-0361E	QG5603
QG5525	C-0377B	QG5525
QG5531	C-0424I	QG5507
QG5534	C-0473E	QG5507
QG5539	C-0138C	QG5507
QG5556	C-0850F	QG5348
QG5577	C-0138B	QG4683
QG5578	C-0152C	QG5633
QG5579	C-0152I	QG5633
QG5580	C-0175A	QG5474
QG5581	C-0175B	QG5474
QG5582	C-0175D	QG5474
QG5589	C-0232B	QG5589
QG5603	C-0361A	QG5603
QG5604	C-0361D	QG5603
QG5611	C-0504D	QG5611
QG5612	C-0504E	QG5612
QG5631	C-0136A	QG4683
QG5632	C-0152A	QG5633
QG5633	C-0152H	QG5633
QG5657	C-0504B	QG5612
QG570	NULL	QG581
QG571	NULL	QG581
QG572	NULL	QG581
QG573	NULL	QG581
QG574	NULL	QG581
QG575	NULL	QG581
QG576	NULL	QG581
QG577	NULL	QG581
QG578	NULL	QG581
QG579	NULL	QG581
QG580	NULL	NIC60
QG581	NULL	QG581
QG584	NULL	QG588
QG585	NULL	QG588
QG586	NULL	QG588
QG587	NULL	QG588
QG588	NULL	QG588
QG589	NULL	QG588
QG700	NULL	QG700
QG723	NULL	QG2665
QG724	NULL	QG2665
QG725	NULL	QG784
QG726	NULL	QG868
QG727	NULL	QG727
QG728	NULL	QG825
QG730	NULL	QG2648
QG731	NULL	QG865
QG733	NULL	QG733
QG734	NULL	QG864
QG735	NULL	QG865
QG736	NULL	QG736
QG737	NULL	QG737
QG738	NULL	QG809
QG739	NULL	QG739
QG740	NULL	QG875
QG741	NULL	QG3058
QG742	NULL	QG3058
QG743	NULL	QG3058
QG744	NULL	QG1126
QG745	NULL	QG1126
QG746	NULL	QG1126
QG747	NULL	QG763
QG748	NULL	QG763
QG749	NULL	QG763
QG750	NULL	QG763
QG752	NULL	QG3058
QG753	NULL	QG763
QG754	NULL	QG763
QG755	NULL	QG763
QG756	NULL	QG2648
QG757	NULL	QG937
QG758	NULL	QG763
QG759	NULL	QG763
QG760	NULL	QG761
QG761	NULL	QG761
QG762	NULL	QG763
QG763	NULL	QG763
QG764	NULL	QG2648
QG765	NULL	QG3058
QG766	NULL	QG763
QG767	NULL	QG3058
QG769	NULL	QG763
QG770	NULL	QG858
QG771	NULL	QG3058
QG773	NULL	QG3058
QG774	NULL	QG2665
QG775	NULL	QG2665
QG776	NULL	QG776
QG777	NULL	QG784
QG778	NULL	QG791
QG779	NULL	QG791
QG780	NULL	QG991
QG781	NULL	QG781
QG782	NULL	QG784
QG783	NULL	QG791
QG784	NULL	QG784
QG785	NULL	QG791
QG786	NULL	QG786
QG787	NULL	QG980
QG788	NULL	QG788
QG789	NULL	QG791
QG790	NULL	QG790
QG791	NULL	QG791
QG792	NULL	QG786
QG793	NULL	QG781
QG794	NULL	QG795
QG795	NULL	QG795
QG796	NULL	QG978
QG797	NULL	QG797
QG798	NULL	QG865
QG799	NULL	QG978
QG802	NULL	QG802
QG803	NULL	QG978
QG804	NULL	QG804
QG805	NULL	QG978
QG806	NULL	QG806
QG807	NULL	QG807
QG808	NULL	QG808
QG809	NULL	QG809
QG810	NULL	QG784
QG811	NULL	QG978
QG812	NULL	QG788
QG813	NULL	QG781
QG814	NULL	QG865
QG815	NULL	QG978
QG816	NULL	QG791
QG819	NULL	QG978
QG822	NULL	QG2665
QG824	NULL	QG825
QG825	NULL	QG825
QG826	NULL	QG874
QG827	NULL	QG827
QG828	NULL	QG828
QG829	NULL	QG3058
QG830	NULL	QG825
QG831	NULL	QG727
QG832	NULL	QG784
QG833	NULL	QG833
QG854	NULL	QG1126
QG855	NULL	QG855
QG856	NULL	QG856
QG857	NULL	QG865
QG858	NULL	QG858
QG859	NULL	QG858
QG860	NULL	QG860
QG861	NULL	QG727
QG864	NULL	QG864
QG865	NULL	QG865
QG866	NULL	QG866
QG867	NULL	QG878
QG868	NULL	QG868
QG869	NULL	QG866
QG870	NULL	QG739
QG872	NULL	QG739
QG873	NULL	QG737
QG874	NULL	QG874
QG875	NULL	QG875
QG876	NULL	QG1126
QG877	NULL	QG727
QG878	NULL	QG878
QG879	NULL	QG879
QG880	NULL	QG880
QG881	NULL	QG881
QG882	NULL	QG888
QG883	NULL	QG888
QG884	NULL	QG888
QG885	NULL	QG887
QG886	NULL	QG887
QG887	NULL	QG887
QG888	NULL	QG888
QG889	NULL	QG888
QG890	NULL	QG888
QG923	NULL	QG1111
QG924	NULL	QG998
QG925	NULL	QG998
QG926	NULL	QG926
QG927	NULL	QG927
QG928	NULL	QG1005
QG930	NULL	QG1126
QG931	NULL	QG998
QG932	NULL	QG1126
QG933	NULL	QG933
QG934	NULL	QG784
QG936	NULL	QG937
QG937	NULL	QG937
QG938	NULL	QG1111
QG939	NULL	QG998
QG941	NULL	QG888
QG944	NULL	QG888
QG945	NULL	QG945
QG946	NULL	QG946
QG947	NULL	QG947
QG948	NULL	QG948
QG949	NULL	QG986
QG950	NULL	QG986
QG951	NULL	QG986
QG952	NULL	QG952
QG973	NULL	QG978
QG977	NULL	QG1126
QG978	NULL	QG978
QG979	NULL	QG784
QG980	NULL	QG980
QG982	NULL	QG887
QG983	NULL	QG887
QG985	NULL	QG888
QG986	NULL	QG986
QG988	NULL	QG1126
QG991	NULL	QG991
QG992	NULL	QG991
QG993	NULL	QG2665
QG994	NULL	QG994
QG995	NULL	QG995
QG996	NULL	QG986
QG997	NULL	QG997
QG998	NULL	QG998
QR24	NULL	QR25
QR25	NULL	QR25
QX1410	NULL	QX1410
QX1414	NULL	PB857
QX1545	NULL	PB857
QX1547	NULL	QX1547
QX1795	NULL	QX1795
QX1796	NULL	QX1796
QX1797	NULL	ECA1383
QX1798	NULL	QX1798
QX1800	NULL	QX1800
QX1801	NULL	QX1801
QX1802	NULL	QX1802
QX1803	NULL	QX1803
QX1804	NULL	QX1804
SOW18	NULL	SOW18
SOW21	NULL	SOW21
SOW22	NULL	SOW22
TT3407	M19.1	TT3411
TT3408	M22.2	TT3408
TT3411	M20.1	TT3411
TWN1772	NULL	TWN1772
TWN1824	NULL	TWN1824
TWN1899	NULL	TWN1899
TWN1907	NULL	TWN1907
TWN2919	NULL	TWN2919
TWN3077	NULL	TWN3077
UH1	NULL	UH1
VSL2201	C1.1	VSL2201
VSL2207	C16.1	VSL2207
VSL2208	C21.1	VSL2213
VSL2209	C22.1	VSL2209
VSL2210	C23.1	VSL2210
VSL2211	C24.1	VSL2213
VSL2212	C27.1	VSL2212
VSL2213	C28.2	VSL2213
VSL2215	C31.2	VSL2215
VSL2216	C32.1	VSL2216
VSL2217	C33.1	VSL2217
VSL2219	C36.1	VSL2219
VT847	NULL	VT847
VX34	NULL	VX34
XZ1204	NULL	XZ1204
XZ1205	NULL	XZ1205
XZ1206	NULL	XZ1206
XZ1207	NULL	XZ1207
XZ1208	NULL	EG6276
XZ1209	NULL	EG6276
XZ1210	NULL	XZ1210
XZ1211	NULL	XZ1204
XZ1212	NULL	XZ1212
XZ1213	NULL	XZ1213
XZ1731	NULL	XZ1731
XZ1732	NULL	XZ1732
XZ1733	NULL	XZ1732
YR88	NULL	EG6268
ZZY0992	NULL	ZZY0992
ZZY1034	NULL	ZZY1034
ZZY1075	NULL	ZZY1075
ZZY1123	NULL	ZZY1123
ZZY1130	NULL	ZZY1130
ZZY405	NULL	ZZY405
